SKU;FamilyID;Brand;CategoryID;PrezzoListino;MargineUnitario;ClasseABC;MoverClass;Critico_VOR;LeadTimeFornitore_gg
MLT-03-0325;MLT;Manitou;C03;743,69;0,303;A;Fast;1;14
LOAD-04-0781;LOAD;Gehl;C04;959,47;0,295;A;Fast;1;30
MLT-07-0311;MLT;Manitou;C07;429,44;0,207;A;Fast;0;5
LOAD-M-10-0819;LOAD-M;Mustang;C10;605,48;0,287;A;Fast;0;30
MT-07-0094;MT;Manitou;C07;532,99;0,167;A;Fast;1;3
AWP-02-0677;AWP;Manitou;C02;428,34;0,368;A;Fast;0;14
MI-MC-10-0481;MI-MC;Manitou;C10;482,95;0,364;A;Fast;0;10
LOAD-M-04-0852;LOAD-M;Mustang;C04;656,64;0,262;A;Fast;1;5
MRT-07-0380;MRT;Manitou;C07;531,37;0,205;A;Fast;1;3
MT-07-0054;MT;Manitou;C07;570,93;0,278;A;Fast;0;3
MLT-07-0222;MLT;Manitou;C07;316,66;0,171;A;Fast;0;14
MI-MC-02-0516;MI-MC;Manitou;C02;400,63;0,38;A;Fast;1;3
MI-MC-04-0482;MI-MC;Manitou;C04;574,47;0,358;A;Fast;0;7
AWP-04-0672;AWP;Manitou;C04;923,09;0,251;A;Fast;0;45
MRT-10-0393;MRT;Manitou;C10;483,6;0,389;A;Fast;1;3
MLT-10-0204;MLT;Manitou;C10;180,47;0,351;A;Fast;1;3
LOAD-05-0714;LOAD;Gehl;C05;230,75;0,394;A;Fast;1;21
MT-04-0052;MT;Manitou;C04;930,41;0,263;A;Fast;1;30
LOAD-04-0734;LOAD;Gehl;C04;700,02;0,28;A;Fast;1;21
AWP-03-0650;AWP;Manitou;C03;647,24;0,275;A;Fast;0;7
MLT-09-0340;MLT;Manitou;C09;354,96;0,408;A;Fast;0;7
MLT-06-0312;MLT;Manitou;C06;206,35;0,351;A;Fast;0;45
MRT-07-0453;MRT;Manitou;C07;551,1;0,187;A;Fast;0;30
MRT-04-0396;MRT;Manitou;C04;840,49;0,345;A;Fast;1;14
LOAD-07-0770;LOAD;Gehl;C07;548,77;0,191;A;Fast;0;7
TMM-04-0603;TMM;Manitou;C04;334,91;0,315;A;Fast;0;45
MLT-09-0276;MLT;Manitou;C09;262,4;0,392;A;Fast;0;45
LOAD-04-0748;LOAD;Gehl;C04;420,23;0,259;A;Fast;1;30
MI-MC-04-0534;MI-MC;Manitou;C04;909,58;0,27;A;Fast;0;14
TMM-04-0592;TMM;Manitou;C04;635,41;0,251;A;Fast;0;21
MI-MC-03-0458;MI-MC;Manitou;C03;359,92;0,267;A;Fast;0;30
LOAD-04-0727;LOAD;Gehl;C04;975,64;0,303;A;Fast;0;3
LOAD-03-0806;LOAD;Gehl;C03;717,42;0,278;A;Fast;0;45
LOAD-04-0746;LOAD;Gehl;C04;871,95;0,264;A;Fast;1;3
AWP-07-0686;AWP;Manitou;C07;437,86;0,193;A;Fast;1;5
MT-04-0154;MT;Manitou;C04;885,74;0,289;A;Fast;0;45
MLT-07-0262;MLT;Manitou;C07;373,13;0,193;A;Fast;0;45
MRT-04-0389;MRT;Manitou;C04;726,02;0,268;A;Fast;1;21
LOAD-M-04-0808;LOAD-M;Mustang;C04;733,64;0,252;A;Fast;1;3
MT-09-0184;MT;Manitou;C09;374,88;0,459;A;Fast;1;5
MLT-03-0291;MLT;Manitou;C03;723,73;0,343;A;Fast;0;45
MI-MC-02-0461;MI-MC;Manitou;C02;426,43;0,368;A;Fast;1;14
MLT-03-0351;MLT;Manitou;C03;525,07;0,317;A;Fast;0;45
MRT-10-0422;MRT;Manitou;C10;362,52;0,272;A;Fast;0;10
LOAD-M-03-0858;LOAD-M;Mustang;C03;439,5;0,283;A;Fast;0;5
LOAD-03-0737;LOAD;Gehl;C03;314,92;0,344;A;Fast;0;30
AWP-10-0643;AWP;Manitou;C10;279,15;0,339;A;Fast;0;5
LOAD-M-04-0846;LOAD-M;Mustang;C04;890,15;0,323;A;Fast;1;45
MT-03-0110;MT;Manitou;C03;285,02;0,258;A;Fast;1;30
MT-10-0128;MT;Manitou;C10;340,98;0,372;A;Fast;0;10
MI-MC-07-0478;MI-MC;Manitou;C07;499,98;0,255;A;Fast;0;21
MLT-10-0318;MLT;Manitou;C10;396,9;0,31;A;Fast;0;7
AWP-05-0689;AWP;Manitou;C05;287,12;0,358;A;Fast;0;10
MT-03-0108;MT;Manitou;C03;394,78;0,314;A;Fast;0;5
AWP-04-0656;AWP;Manitou;C04;244,63;0,36;A;Fast;0;10
LOAD-M-10-0835;LOAD-M;Mustang;C10;289,17;0,354;A;Fast;0;30
MT-03-0033;MT;Manitou;C03;166,98;0,329;A;Fast;0;30
LOAD-10-0720;LOAD;Gehl;C10;504,61;0,349;A;Fast;0;45
MT-02-0071;MT;Manitou;C02;325,2;0,308;A;Fast;1;3
LOAD-M-06-0831;LOAD-M;Mustang;C06;172,63;0,316;A;Fast;0;5
LOAD-04-0786;LOAD;Gehl;C04;773,18;0,331;A;Fast;1;21
MRT-10-0373;MRT;Manitou;C10;402,99;0,298;A;Fast;0;3
MT-04-0028;MT;Manitou;C04;555,99;0,271;A;Fast;0;30
MT-09-0170;MT;Manitou;C09;125,3;0,376;A;Fast;1;7
MLT-05-0336;MLT;Manitou;C05;255,66;0,384;A;Fast;1;45
MT-04-0024;MT;Manitou;C04;666,85;0,345;A;Fast;1;30
LOAD-04-0716;LOAD;Gehl;C04;493,66;0,269;A;Fast;1;30
MT-07-0119;MT;Manitou;C07;295,89;0,264;A;Fast;0;30
TMM-07-0623;TMM;Manitou;C07;393,48;0,179;A;Fast;1;7
AWP-07-0697;AWP;Manitou;C07;557,75;0,223;A;Fast;0;5
MLT-02-0344;MLT;Manitou;C02;295,62;0,385;A;Fast;0;7
LOAD-02-0710;LOAD;Gehl;C02;424,41;0,371;A;Fast;0;3
MRT-07-0452;MRT;Manitou;C07;414,53;0,207;A;Fast;0;30
MI-MC-04-0551;MI-MC;Manitou;C04;842,98;0,25;A;Fast;1;30
MLT-05-0219;MLT;Manitou;C05;247,98;0,417;A;Fast;1;45
AWP-09-0671;AWP;Manitou;C09;222,9;0,396;A;Fast;0;7
LOAD-07-0729;LOAD;Gehl;C07;431,67;0,216;A;Fast;0;10
MLT-09-0334;MLT;Manitou;C09;354,79;0,444;A;Fast;1;21
TMM-10-0608;TMM;Manitou;C10;601,47;0,39;A;Fast;0;5
LOAD-03-0801;LOAD;Gehl;C03;642,18;0,261;A;Fast;0;3
MRT-04-0412;MRT;Manitou;C04;493,38;0,255;A;Fast;0;45
MLT-03-0299;MLT;Manitou;C03;730,94;0,36;A;Fast;0;10
MT-03-0165;MT;Manitou;C03;198,35;0,316;A;Fast;0;21
LOAD-M-03-0857;LOAD-M;Mustang;C03;423,24;0,265;A;Fast;1;14
LOAD-10-0764;LOAD;Gehl;C10;373,18;0,286;A;Fast;0;10
MT-07-0167;MT;Manitou;C07;567,56;0,236;A;Fast;0;3
MRT-04-0431;MRT;Manitou;C04;278,56;0,283;A;Fast;0;14
MT-09-0044;MT;Manitou;C09;371,45;0,354;A;Fast;0;5
MT-04-0093;MT;Manitou;C04;545,39;0,282;A;Fast;0;45
TMM-03-0606;TMM;Manitou;C03;371,58;0,325;A;Fast;1;21
MLT-04-0226;MLT;Manitou;C04;976,13;0,354;A;Fast;1;14
MLT-04-0367;MLT;Manitou;C04;765,79;0,366;A;Fast;0;21
MLT-04-0258;MLT;Manitou;C04;278,31;0,366;A;Fast;0;3
MLT-07-0349;MLT;Manitou;C07;497,38;0,231;A;Fast;0;3
MLT-03-0195;MLT;Manitou;C03;666,09;0,296;A;Fast;0;21
MT-03-0189;MT;Manitou;C03;722,38;0,343;A;Fast;1;5
LOAD-04-0709;LOAD;Gehl;C04;655,2;0,271;A;Fast;0;7
MT-10-0060;MT;Manitou;C10;306,55;0,309;A;Fast;1;30
MRT-10-0426;MRT;Manitou;C10;518,55;0,355;A;Fast;0;10
LOAD-M-10-0855;LOAD-M;Mustang;C10;325,04;0,387;A;Fast;1;45
AWP-04-0693;AWP;Manitou;C04;741,58;0,355;A;Fast;1;3
TMM-01-0595;TMM;Manitou;C01;83,34;0,447;A;Fast;0;21
MT-10-0176;MT;Manitou;C10;547,27;0,352;A;Fast;0;5
AWP-10-0642;AWP;Manitou;C10;531,05;0,389;A;Fast;0;14
MT-04-0113;MT;Manitou;C04;261,76;0,273;A;Fast;0;45
MT-04-0025;MT;Manitou;C04;327,93;0,309;A;Fast;1;21
MRT-10-0397;MRT;Manitou;C10;446,99;0,369;A;Fast;0;21
TMM-04-0576;TMM;Manitou;C04;779,69;0,31;A;Fast;1;10
MI-MC-04-0488;MI-MC;Manitou;C04;802,03;0,253;A;Fast;1;14
TMM-03-0568;TMM;Manitou;C03;653,81;0,312;A;Fast;1;30
LOAD-03-0743;LOAD;Gehl;C03;570,41;0,258;A;Fast;1;3
MLT-09-0212;MLT;Manitou;C09;290,96;0,395;A;Fast;0;3
LOAD-02-0703;LOAD;Gehl;C02;346,05;0,32;A;Fast;1;3
MT-09-0017;MT;Manitou;C09;368,07;0,419;A;Fast;0;30
MRT-03-0445;MRT;Manitou;C03;258,39;0,351;A;Fast;1;3
MI-MC-02-0530;MI-MC;Manitou;C02;397,76;0,299;A;Fast;0;7
MRT-03-0377;MRT;Manitou;C03;705,83;0,345;A;Fast;0;45
MT-04-0065;MT;Manitou;C04;770,66;0,367;A;Fast;1;14
MT-03-0107;MT;Manitou;C03;755,36;0,346;A;Fast;1;10
MT-03-0020;MT;Manitou;C03;534,02;0,355;A;Fast;1;45
MRT-10-0450;MRT;Manitou;C10;380,47;0,384;A;Fast;0;10
MLT-10-0254;MLT;Manitou;C10;344,27;0,318;A;Fast;0;3
MLT-05-0284;MLT;Manitou;C05;218,55;0,386;A;Fast;1;3
LOAD-03-0753;LOAD;Gehl;C03;539,27;0,319;A;Fast;1;21
LOAD-04-0705;LOAD;Gehl;C04;550,46;0,343;A;Fast;0;5
LOAD-04-0747;LOAD;Gehl;C04;335,39;0,254;A;Fast;0;30
LOAD-04-0707;LOAD;Gehl;C04;437,48;0,279;A;Fast;0;14
MT-03-0047;MT;Manitou;C03;400,2;0,249;A;Fast;0;5
MLT-06-0345;MLT;Manitou;C06;170,18;0,341;A;Fast;0;5
LOAD-05-0713;LOAD;Gehl;C05;254,69;0,345;A;Fast;1;14
MLT-02-0237;MLT;Manitou;C02;298,15;0,297;A;Fast;1;7
MRT-03-0411;MRT;Manitou;C03;697,83;0,293;A;Fast;0;10
MLT-04-0241;MLT;Manitou;C04;922,57;0,262;A;Fast;1;14
MI-MC-09-0473;MI-MC;Manitou;C09;331,87;0,416;A;Fast;1;45
MT-09-0162;MT;Manitou;C09;311,37;0,382;A;Fast;0;5
MLT-02-0337;MLT;Manitou;C02;124,89;0,349;A;Fast;1;10
MT-04-0188;MT;Manitou;C04;700,61;0,288;A;Fast;1;21
AWP-06-0653;AWP;Manitou;C06;187,18;0,373;A;Fast;0;14
LOAD-M-02-0840;LOAD-M;Mustang;C02;206,45;0,351;A;Fast;0;30
MLT-10-0229;MLT;Manitou;C10;436,72;0,381;A;Fast;0;10
MT-05-0102;MT;Manitou;C05;227,15;0,403;A;Fast;0;5
MLT-07-0271;MLT;Manitou;C07;503,97;0,194;A;Fast;0;45
MLT-09-0317;MLT;Manitou;C09;285,29;0,356;A;Fast;1;7
MRT-07-0392;MRT;Manitou;C07;461,26;0,266;A;Fast;0;14
MLT-10-0326;MLT;Manitou;C10;273,87;0,292;A;Fast;0;21
LOAD-04-0731;LOAD;Gehl;C04;241,88;0,303;A;Fast;1;45
LOAD-04-0750;LOAD;Gehl;C04;705,95;0,317;A;Fast;1;5
MRT-10-0448;MRT;Manitou;C10;188,36;0,386;A;Fast;0;14
MLT-04-0306;MLT;Manitou;C04;983,95;0,298;A;Fast;0;10
MLT-10-0362;MLT;Manitou;C10;505,62;0,382;A;Fast;0;14
LOAD-04-0787;LOAD;Gehl;C04;942,52;0,37;A;Fast;0;7
MRT-02-0424;MRT;Manitou;C02;414,31;0,33;A;Fast;0;30
MRT-04-0447;MRT;Manitou;C04;874,64;0,256;A;Fast;0;21
MI-MC-02-0503;MI-MC;Manitou;C02;277,26;0,366;A;Fast;0;10
MLT-06-0281;MLT;Manitou;C06;183,7;0,419;A;Fast;1;14
MI-MC-09-0533;MI-MC;Manitou;C09;295,25;0,357;A;Fast;0;5
MI-MC-02-0529;MI-MC;Manitou;C02;379,8;0,376;A;Fast;1;10
MT-03-0035;MT;Manitou;C03;238,3;0,297;A;Fast;1;45
MLT-07-0268;MLT;Manitou;C07;257,77;0,202;A;Fast;0;5
MT-04-0156;MT;Manitou;C04;485,08;0,32;A;Fast;1;5
AWP-10-0673;AWP;Manitou;C10;305,51;0,31;A;Fast;0;3
LOAD-M-05-0814;LOAD-M;Mustang;C05;139,16;0,431;A;Fast;0;30
MI-MC-09-0463;MI-MC;Manitou;C09;322,78;0,347;A;Fast;0;3
MRT-02-0429;MRT;Manitou;C02;308,7;0,305;A;Fast;1;45
MT-03-0085;MT;Manitou;C03;148,64;0,325;A;Fast;0;3
MT-04-0171;MT;Manitou;C04;756,99;0,322;A;Fast;0;14
LOAD-M-09-0876;LOAD-M;Mustang;C09;169,81;0,453;A;Fast;0;5
MLT-07-0209;MLT;Manitou;C07;381,05;0,279;A;Fast;0;5
AWP-03-0700;AWP;Manitou;C03;353,42;0,247;A;Fast;1;7
LOAD-M-10-0838;LOAD-M;Mustang;C10;451,82;0,295;A;Fast;0;10
LOAD-05-0728;LOAD;Gehl;C05;102,64;0,331;A;Fast;0;7
MT-03-0143;MT;Manitou;C03;440,57;0,314;A;Fast;1;10
MRT-03-0427;MRT;Manitou;C03;733,16;0,32;A;Fast;1;5
MRT-05-0423;MRT;Manitou;C05;240,46;0,384;A;Fast;0;10
LOAD-03-0782;LOAD;Gehl;C03;700,84;0,296;A;Fast;1;21
MRT-09-0398;MRT;Manitou;C09;252,64;0,408;A;Fast;0;7
MT-01-0145;MT;Manitou;C01;79,56;0,389;A;Fast;0;30
MLT-01-0259;MLT;Manitou;C01;74,59;0,435;A;Fast;0;3
MLT-02-0210;MLT;Manitou;C02;304,02;0,305;A;Fast;0;7
AWP-10-0683;AWP;Manitou;C10;524,56;0,305;A;Fast;0;7
LOAD-06-0776;LOAD;Gehl;C06;194,28;0,332;A;Fast;1;21
MT-10-0163;MT;Manitou;C10;530,3;0,29;A;Fast;0;45
MI-MC-09-0548;MI-MC;Manitou;C09;337,05;0,429;A;Fast;0;10
MRT-02-0379;MRT;Manitou;C02;309,61;0,282;A;Fast;1;30
MT-07-0104;MT;Manitou;C07;487,1;0,176;A;Fast;0;14
MT-04-0120;MT;Manitou;C04;936,43;0,302;A;Fast;1;21
MLT-06-0361;MLT;Manitou;C06;63,15;0,325;A;Fast;1;30
LOAD-10-0749;LOAD;Gehl;C10;503,67;0,37;A;Fast;0;30
MLT-06-0283;MLT;Manitou;C06;138,58;0,376;A;Fast;1;3
MI-MC-09-0562;MI-MC;Manitou;C09;194,92;0,455;A;Fast;0;21
LOAD-07-0797;LOAD;Gehl;C07;316,79;0,226;A;Fast;0;3
TMM-03-0573;TMM;Manitou;C03;664,92;0,291;A;Fast;1;5
TMM-04-0600;TMM;Manitou;C04;869,12;0,327;A;Fast;1;45
MT-07-0183;MT;Manitou;C07;397,71;0,241;B;Medium;0;30
MI-MC-05-0459;MI-MC;Manitou;C05;167,92;0,435;B;Medium;1;7
LOAD-M-02-0828;LOAD-M;Mustang;C02;208,93;0,39;B;Medium;1;21
LOAD-M-05-0822;LOAD-M;Mustang;C05;138,05;0,37;B;Medium;0;30
TMM-04-0593;TMM;Manitou;C04;859,76;0,348;B;Medium;1;21
MRT-05-0374;MRT;Manitou;C05;204,39;0,386;B;Medium;1;14
MLT-10-0363;MLT;Manitou;C10;390,66;0,382;B;Medium;0;21
MT-02-0158;MT;Manitou;C02;380,34;0,371;B;Medium;0;30
MT-10-0161;MT;Manitou;C10;365,94;0,372;B;Medium;0;30
LOAD-09-0789;LOAD;Gehl;C09;369,39;0,39;B;Medium;0;45
MT-06-0168;MT;Manitou;C06;140,68;0,363;B;Medium;0;21
MT-02-0055;MT;Manitou;C02;311,48;0,326;B;Medium;0;14
MLT-07-0236;MLT;Manitou;C07;500,28;0,235;B;Medium;0;45
MT-03-0042;MT;Manitou;C03;580,05;0,359;B;Medium;1;5
TMM-10-0602;TMM;Manitou;C10;409,49;0,37;B;Medium;0;10
TMM-02-0590;TMM;Manitou;C02;384,27;0,342;B;Medium;0;21
MRT-07-0401;MRT;Manitou;C07;145,35;0,203;B;Medium;0;5
LOAD-05-0766;LOAD;Gehl;C05;191,43;0,424;B;Medium;0;14
AWP-07-0699;AWP;Manitou;C07;512,48;0,213;B;Medium;0;7
MRT-03-0375;MRT;Manitou;C03;289,87;0,307;B;Medium;0;3
MLT-07-0203;MLT;Manitou;C07;240,2;0,161;B;Medium;0;30
MT-05-0146;MT;Manitou;C05;280,11;0,327;B;Medium;0;45
MT-07-0126;MT;Manitou;C07;546,5;0,179;B;Medium;0;10
TMM-10-0614;TMM;Manitou;C10;479,2;0,283;B;Medium;0;30
MLT-07-0300;MLT;Manitou;C07;387,94;0,186;B;Medium;0;30
MLT-10-0333;MLT;Manitou;C10;455,14;0,338;B;Medium;0;30
MI-MC-06-0476;MI-MC;Manitou;C06;144,39;0,343;B;Medium;0;5
MLT-07-0294;MLT;Manitou;C07;365,54;0,174;B;Medium;0;5
AWP-01-0684;AWP;Manitou;C01;62,82;0,429;B;Medium;1;21
LOAD-10-0740;LOAD;Gehl;C10;383,61;0,323;B;Medium;1;10
MI-MC-10-0560;MI-MC;Manitou;C10;458,84;0,295;B;Medium;0;7
MRT-07-0421;MRT;Manitou;C07;544,73;0,213;B;Medium;1;5
LOAD-09-0802;LOAD;Gehl;C09;150,63;0,399;B;Medium;0;5
MLT-04-0257;MLT;Manitou;C04;877,81;0,33;B;Medium;1;3
MLT-08-0205;MLT;Manitou;C08;46,22;0,411;B;Medium;0;5
MLT-09-0341;MLT;Manitou;C09;240,18;0,426;B;Medium;0;5
MRT-03-0387;MRT;Manitou;C03;451,06;0,268;B;Medium;1;21
LOAD-M-05-0809;LOAD-M;Mustang;C05;125,53;0,409;B;Medium;0;5
AWP-09-0687;AWP;Manitou;C09;296,36;0,444;B;Medium;0;5
MT-09-0076;MT;Manitou;C09;164,99;0,433;B;Medium;1;30
MI-MC-05-0477;MI-MC;Manitou;C05;87,82;0,341;B;Medium;1;30
MLT-09-0297;MLT;Manitou;C09;205,86;0,44;B;Medium;0;30
MT-02-0157;MT;Manitou;C02;295,91;0,299;B;Medium;1;3
MLT-07-0255;MLT;Manitou;C07;561,84;0,166;B;Medium;0;30
MLT-03-0234;MLT;Manitou;C03;713,15;0,347;B;Medium;0;7
MT-05-0141;MT;Manitou;C05;244,76;0,35;B;Medium;1;3
MRT-02-0388;MRT;Manitou;C02;388,29;0,294;B;Medium;1;7
MRT-04-0428;MRT;Manitou;C04;544,85;0,337;B;Medium;1;21
AWP-04-0685;AWP;Manitou;C04;208,08;0,32;B;Medium;0;21
AWP-09-0627;AWP;Manitou;C09;234,23;0,452;B;Medium;0;30
MT-10-0114;MT;Manitou;C10;239,17;0,363;B;Medium;0;21
MT-07-0018;MT;Manitou;C07;287,51;0,172;B;Medium;1;10
MLT-10-0335;MLT;Manitou;C10;446,39;0,338;B;Medium;0;7
MRT-10-0395;MRT;Manitou;C10;104,48;0,36;B;Medium;0;30
MI-MC-04-0545;MI-MC;Manitou;C04;176,84;0,305;B;Medium;0;14
MT-01-0132;MT;Manitou;C01;58,55;0,37;B;Medium;0;3
AWP-10-0641;AWP;Manitou;C10;587,05;0,344;B;Medium;0;10
MI-MC-04-0491;MI-MC;Manitou;C04;444,18;0,273;B;Medium;1;3
TMM-09-0607;TMM;Manitou;C09;298,31;0,362;B;Medium;0;7
MI-MC-05-0472;MI-MC;Manitou;C05;134,83;0,358;B;Medium;1;45
MI-MC-10-0465;MI-MC;Manitou;C10;493,9;0,274;B;Medium;0;14
LOAD-05-0769;LOAD;Gehl;C05;137,73;0,369;B;Medium;0;10
MI-MC-03-0537;MI-MC;Manitou;C03;710,3;0,291;B;Medium;1;21
MI-MC-08-0492;MI-MC;Manitou;C08;54,74;0,485;B;Medium;1;14
TMM-09-0598;TMM;Manitou;C09;377,34;0,454;B;Medium;0;10
LOAD-03-0777;LOAD;Gehl;C03;668,57;0,32;B;Medium;0;10
AWP-05-0667;AWP;Manitou;C05;188,51;0,409;B;Medium;0;14
TMM-09-0581;TMM;Manitou;C09;163,45;0,349;B;Medium;0;5
MI-MC-06-0497;MI-MC;Manitou;C06;179,05;0,357;B;Medium;1;14
TMM-07-0587;TMM;Manitou;C07;463,18;0,211;B;Medium;0;5
MLT-04-0231;MLT;Manitou;C04;305,14;0,363;B;Medium;0;14
LOAD-04-0791;LOAD;Gehl;C04;345,64;0,368;B;Medium;1;5
LOAD-10-0742;LOAD;Gehl;C10;222,7;0,339;B;Medium;0;5
MT-07-0009;MT;Manitou;C07;114,82;0,24;B;Medium;0;21
MT-05-0075;MT;Manitou;C05;253,02;0,354;B;Medium;0;30
LOAD-01-0732;LOAD;Gehl;C01;57,69;0,452;B;Medium;0;7
MT-03-0118;MT;Manitou;C03;382,57;0,273;B;Medium;0;21
AWP-03-0676;AWP;Manitou;C03;238,13;0,292;B;Medium;0;45
MT-07-0177;MT;Manitou;C07;212,35;0,208;B;Medium;0;45
AWP-03-0632;AWP;Manitou;C03;405,78;0,263;B;Medium;0;7
LOAD-07-0793;LOAD;Gehl;C07;412,13;0,22;B;Medium;1;45
MT-10-0030;MT;Manitou;C10;574,52;0,367;B;Medium;0;3
MRT-03-0425;MRT;Manitou;C03;683,63;0,351;B;Medium;1;10
MLT-03-0331;MLT;Manitou;C03;309,28;0,319;B;Medium;1;45
MI-MC-03-0517;MI-MC;Manitou;C03;523,98;0,275;B;Medium;0;21
MLT-08-0314;MLT;Manitou;C08;53,87;0,395;B;Medium;0;7
MT-05-0051;MT;Manitou;C05;131,28;0,322;B;Medium;1;45
MT-03-0105;MT;Manitou;C03;516,64;0,279;B;Medium;0;5
LOAD-M-07-0811;LOAD-M;Mustang;C07;396,42;0,174;B;Medium;0;30
LOAD-02-0805;LOAD;Gehl;C02;395,4;0,302;B;Medium;0;21
MLT-07-0354;MLT;Manitou;C07;545,96;0,198;B;Medium;0;10
MLT-04-0296;MLT;Manitou;C04;521,17;0,283;B;Medium;1;7
MI-MC-03-0514;MI-MC;Manitou;C03;444,25;0,309;B;Medium;1;3
LOAD-07-0774;LOAD;Gehl;C07;412,03;0,208;B;Medium;1;21
LOAD-04-0719;LOAD;Gehl;C04;608,09;0,258;B;Medium;0;7
MT-03-0191;MT;Manitou;C03;261,47;0,288;B;Medium;0;5
TMM-10-0609;TMM;Manitou;C10;292,09;0,381;B;Medium;0;10
MLT-10-0263;MLT;Manitou;C10;465,31;0,297;B;Medium;0;14
MT-02-0096;MT;Manitou;C02;431,11;0,392;B;Medium;0;45
LOAD-10-0792;LOAD;Gehl;C10;300,83;0,308;B;Medium;0;5
MLT-02-0230;MLT;Manitou;C02;416,31;0,36;B;Medium;1;10
MI-MC-02-0489;MI-MC;Manitou;C02;282,57;0,328;B;Medium;1;3
LOAD-06-0765;LOAD;Gehl;C06;187,13;0,306;B;Medium;0;30
MLT-09-0267;MLT;Manitou;C09;188,12;0,393;B;Medium;0;7
TMM-02-0605;TMM;Manitou;C02;152,04;0,369;B;Medium;0;30
LOAD-10-0704;LOAD;Gehl;C10;454,66;0,343;B;Medium;0;10
MI-MC-04-0513;MI-MC;Manitou;C04;860,78;0,352;B;Medium;1;14
LOAD-02-0735;LOAD;Gehl;C02;245,66;0,325;B;Medium;1;3
MRT-02-0370;MRT;Manitou;C02;297,47;0,32;B;Medium;1;45
MLT-03-0251;MLT;Manitou;C03;193,71;0,27;B;Medium;1;45
LOAD-07-0790;LOAD;Gehl;C07;285,64;0,237;B;Medium;0;30
LOAD-M-03-0869;LOAD-M;Mustang;C03;401,18;0,285;B;Medium;0;21
MT-05-0088;MT;Manitou;C05;174,78;0,372;B;Medium;1;10
MLT-03-0242;MLT;Manitou;C03;358,46;0,245;B;Medium;1;7
MLT-07-0290;MLT;Manitou;C07;375,68;0,275;B;Medium;0;3
MLT-03-0207;MLT;Manitou;C03;397,94;0,278;B;Medium;0;3
MT-07-0129;MT;Manitou;C07;282,82;0,204;B;Medium;1;45
LOAD-02-0751;LOAD;Gehl;C02;318,6;0,388;B;Medium;1;45
LOAD-10-0759;LOAD;Gehl;C10;125,94;0,324;B;Medium;0;14
MLT-06-0199;MLT;Manitou;C06;97,44;0,393;B;Medium;1;21
LOAD-M-04-0816;LOAD-M;Mustang;C04;976,33;0,308;B;Medium;0;30
LOAD-06-0733;LOAD;Gehl;C06;125,32;0,409;B;Medium;1;10
AWP-02-0660;AWP;Manitou;C02;425,4;0,297;B;Medium;1;3
MT-08-0027;MT;Manitou;C08;62,12;0,431;B;Medium;1;30
MT-04-0185;MT;Manitou;C04;548,71;0,317;B;Medium;0;30
AWP-09-0648;AWP;Manitou;C09;365,79;0,46;B;Medium;0;14
MLT-09-0201;MLT;Manitou;C09;378,97;0,445;B;Medium;0;5
LOAD-03-0752;LOAD;Gehl;C03;667,57;0,296;B;Medium;0;10
AWP-10-0626;AWP;Manitou;C10;272,07;0,328;B;Medium;0;21
MI-MC-05-0467;MI-MC;Manitou;C05;233,49;0,323;B;Medium;1;30
LOAD-M-10-0875;LOAD-M;Mustang;C10;223,05;0,311;B;Medium;0;7
MT-07-0092;MT;Manitou;C07;269,91;0,208;B;Medium;0;10
MT-03-0136;MT;Manitou;C03;290,66;0,356;B;Medium;0;10
MRT-05-0402;MRT;Manitou;C05;142,93;0,44;B;Medium;0;7
LOAD-M-06-0812;LOAD-M;Mustang;C06;177,19;0,364;B;Medium;1;14
LOAD-10-0756;LOAD;Gehl;C10;309,38;0,33;B;Medium;0;14
TMM-06-0565;TMM;Manitou;C06;139,85;0,343;B;Medium;1;45
MI-MC-04-0502;MI-MC;Manitou;C04;331,64;0,293;B;Medium;0;45
MLT-02-0295;MLT;Manitou;C02;224,02;0,39;B;Medium;0;21
MI-MC-02-0528;MI-MC;Manitou;C02;382,07;0,335;B;Medium;1;10
TMM-02-0584;TMM;Manitou;C02;301,25;0,313;B;Medium;1;5
MLT-02-0292;MLT;Manitou;C02;159,45;0,327;B;Medium;1;45
TMM-07-0579;TMM;Manitou;C07;247,42;0,247;B;Medium;0;10
MLT-03-0321;MLT;Manitou;C03;335,66;0,296;B;Medium;1;3
MT-07-0046;MT;Manitou;C07;167,7;0,27;B;Medium;1;3
AWP-10-0691;AWP;Manitou;C10;248,26;0,33;B;Medium;0;7
MT-04-0125;MT;Manitou;C04;673,26;0,324;B;Medium;0;3
MT-04-0022;MT;Manitou;C04;943,81;0,313;B;Medium;1;14
MLT-09-0308;MLT;Manitou;C09;163,49;0,417;B;Medium;0;30
MLT-07-0249;MLT;Manitou;C07;372,63;0,268;B;Medium;0;45
LOAD-M-04-0832;LOAD-M;Mustang;C04;413,01;0,294;B;Medium;0;21
MT-02-0159;MT;Manitou;C02;160,77;0,304;B;Medium;1;10
MT-03-0169;MT;Manitou;C03;424,42;0,323;B;Medium;1;10
AWP-08-0644;AWP;Manitou;C08;63,29;0,481;B;Medium;0;30
MT-02-0023;MT;Manitou;C02;322,63;0,311;B;Medium;0;21
AWP-01-0692;AWP;Manitou;C01;51,23;0,393;B;Medium;0;45
MLT-04-0247;MLT;Manitou;C04;316,56;0,35;B;Medium;1;3
TMM-04-0578;TMM;Manitou;C04;972,72;0,369;B;Medium;1;14
LOAD-10-0762;LOAD;Gehl;C10;332,72;0,362;B;Medium;0;30
MT-09-0090;MT;Manitou;C09;143,06;0,455;B;Medium;1;45
LOAD-M-06-0836;LOAD-M;Mustang;C06;125,62;0,352;B;Medium;1;3
TMM-08-0589;TMM;Manitou;C08;33,22;0,414;B;Medium;0;45
AWP-04-0663;AWP;Manitou;C04;659,95;0,286;B;Medium;1;10
MLT-10-0217;MLT;Manitou;C10;481,37;0,272;B;Medium;0;10
AWP-08-0639;AWP;Manitou;C08;21,0;0,436;B;Medium;0;3
MRT-01-0449;MRT;Manitou;C01;66,15;0,46;B;Medium;0;14
MRT-02-0440;MRT;Manitou;C02;342,02;0,298;B;Medium;1;5
LOAD-M-09-0818;LOAD-M;Mustang;C09;105,04;0,379;B;Medium;0;45
LOAD-M-08-0851;LOAD-M;Mustang;C08;61,1;0,414;B;Medium;1;45
TMM-06-0583;TMM;Manitou;C06;132,3;0,394;B;Medium;1;45
MI-MC-07-0460;MI-MC;Manitou;C07;349,05;0,16;B;Medium;0;21
LOAD-06-0796;LOAD;Gehl;C06;91,25;0,328;B;Medium;0;3
LOAD-04-0744;LOAD;Gehl;C04;367,7;0,26;B;Medium;1;14
MT-06-0100;MT;Manitou;C06;168,72;0,357;B;Medium;0;30
MI-MC-06-0519;MI-MC;Manitou;C06;77,54;0,406;B;Medium;0;10
TMM-04-0617;TMM;Manitou;C04;350,7;0,354;B;Medium;1;10
MI-MC-06-0487;MI-MC;Manitou;C06;131,52;0,328;B;Medium;1;3
MRT-09-0417;MRT;Manitou;C09;347,46;0,422;B;Medium;0;30
MLT-02-0339;MLT;Manitou;C02;139,51;0,36;B;Medium;0;5
MLT-06-0304;MLT;Manitou;C06;108,61;0,409;B;Medium;1;3
MRT-06-0399;MRT;Manitou;C06;78,96;0,321;B;Medium;0;3
AWP-10-0628;AWP;Manitou;C10;420,76;0,364;B;Medium;0;21
MT-06-0181;MT;Manitou;C06;129,9;0,349;B;Medium;0;5
MLT-07-0352;MLT;Manitou;C07;206,02;0,275;B;Medium;0;14
MRT-04-0384;MRT;Manitou;C04;638,96;0,356;B;Medium;0;7
MT-08-0186;MT;Manitou;C08;66,98;0,481;B;Medium;0;10
MLT-07-0227;MLT;Manitou;C07;142,61;0,214;B;Medium;1;3
MLT-04-0245;MLT;Manitou;C04;172,23;0,333;B;Medium;0;21
LOAD-M-04-0871;LOAD-M;Mustang;C04;849,9;0,279;B;Medium;0;45
MLT-08-0208;MLT;Manitou;C08;42,98;0,395;B;Medium;0;3
LOAD-03-0715;LOAD;Gehl;C03;338,2;0,341;B;Medium;0;21
LOAD-M-05-0877;LOAD-M;Mustang;C05;146,5;0,395;B;Medium;1;5
MI-MC-01-0507;MI-MC;Manitou;C01;79,12;0,437;B;Medium;1;3
MLT-06-0350;MLT;Manitou;C06;215,01;0,358;B;Medium;0;5
MLT-03-0353;MLT;Manitou;C03;505,1;0,245;B;Medium;1;45
MT-06-0010;MT;Manitou;C06;161,15;0,371;B;Medium;0;14
AWP-02-0688;AWP;Manitou;C02;362,8;0,291;B;Medium;0;5
LOAD-09-0773;LOAD;Gehl;C09;283,94;0,345;B;Medium;0;14
MLT-07-0298;MLT;Manitou;C07;398,08;0,23;B;Medium;0;45
AWP-09-0668;AWP;Manitou;C09;111,33;0,384;B;Medium;1;21
MRT-09-0439;MRT;Manitou;C09;224,57;0,447;B;Medium;0;10
TMM-07-0611;TMM;Manitou;C07;161,4;0,243;B;Medium;0;45
AWP-03-0698;AWP;Manitou;C03;440,1;0,284;B;Medium;0;21
LOAD-09-0784;LOAD;Gehl;C09;96,68;0,38;B;Medium;0;45
MLT-03-0319;MLT;Manitou;C03;511,16;0,295;B;Medium;1;10
MRT-02-0409;MRT;Manitou;C02;311,62;0,32;B;Medium;0;3
MI-MC-02-0525;MI-MC;Manitou;C02;287,23;0,363;B;Medium;1;3
MI-MC-06-0490;MI-MC;Manitou;C06;209,04;0,34;B;Medium;1;45
LOAD-M-07-0829;LOAD-M;Mustang;C07;203,7;0,165;B;Medium;0;14
MT-05-0173;MT;Manitou;C05;152,38;0,344;B;Medium;1;30
MT-02-0135;MT;Manitou;C02;371,89;0,353;B;Medium;0;45
MLT-10-0265;MLT;Manitou;C10;310,16;0,381;B;Medium;0;10
MLT-05-0244;MLT;Manitou;C05;90,08;0,336;B;Medium;1;14
MRT-09-0404;MRT;Manitou;C09;172,83;0,386;B;Medium;1;14
MRT-06-0400;MRT;Manitou;C06;104,63;0,4;B;Medium;1;14
MLT-10-0309;MLT;Manitou;C10;285,5;0,27;B;Medium;0;3
MI-MC-05-0523;MI-MC;Manitou;C05;151,53;0,334;B;Medium;0;14
AWP-10-0665;AWP;Manitou;C10;464,43;0,332;B;Medium;0;7
MRT-02-0410;MRT;Manitou;C02;285,4;0,336;B;Medium;1;45
LOAD-M-02-0849;LOAD-M;Mustang;C02;258,08;0,298;B;Medium;0;21
LOAD-M-07-0844;LOAD-M;Mustang;C07;216,04;0,229;B;Medium;0;3
MI-MC-01-0505;MI-MC;Manitou;C01;41,46;0,455;B;Medium;0;3
MRT-10-0434;MRT;Manitou;C10;308,5;0,274;B;Medium;0;21
MLT-04-0315;MLT;Manitou;C04;610,02;0,28;B;Medium;1;10
MT-07-0014;MT;Manitou;C07;359,73;0,266;B;Medium;0;30
MI-MC-06-0480;MI-MC;Manitou;C06;158,74;0,411;B;Medium;1;10
MRT-08-0390;MRT;Manitou;C08;64,81;0,399;B;Medium;0;3
TMM-10-0604;TMM;Manitou;C10;400,0;0,273;B;Medium;0;21
MLT-10-0214;MLT;Manitou;C10;190,32;0,373;B;Medium;0;45
MT-05-0041;MT;Manitou;C05;259,88;0,436;B;Medium;0;10
MT-01-0127;MT;Manitou;C01;75,87;0,461;C;Slow;0;30
MT-05-0187;MT;Manitou;C05;217,01;0,402;C;Slow;0;21
TMM-07-0563;TMM;Manitou;C07;414,4;0,252;C;Slow;0;14
TMM-07-0594;TMM;Manitou;C07;277,56;0,173;C;Slow;0;10
TMM-10-0620;TMM;Manitou;C10;368,67;0,33;C;Slow;0;5
MLT-05-0221;MLT;Manitou;C05;193,66;0,401;C;Slow;1;3
MLT-04-0310;MLT;Manitou;C04;722,48;0,254;C;Slow;1;5
MRT-05-0433;MRT;Manitou;C05;242,16;0,407;C;Slow;1;7
MT-10-0164;MT;Manitou;C10;284,54;0,37;C;Slow;0;45
MLT-09-0243;MLT;Manitou;C09;310,54;0,425;C;Slow;1;45
MT-10-0006;MT;Manitou;C10;211,1;0,352;C;Slow;0;45
LOAD-M-04-0842;LOAD-M;Mustang;C04;434,69;0,289;C;Slow;0;3
MRT-10-0376;MRT;Manitou;C10;173,75;0,277;C;Slow;0;21
MT-02-0005;MT;Manitou;C02;281,38;0,357;C;Slow;1;3
MT-08-0155;MT;Manitou;C08;58,22;0,474;C;Slow;0;14
MT-06-0098;MT;Manitou;C06;111,63;0,406;C;Slow;1;14
AWP-06-0640;AWP;Manitou;C06;110,54;0,38;C;Slow;1;45
MLT-01-0197;MLT;Manitou;C01;56,68;0,442;C;Slow;0;45
MT-09-0077;MT;Manitou;C09;239,75;0,426;C;Slow;0;14
LOAD-02-0723;LOAD;Gehl;C02;101,08;0,355;C;Slow;0;7
LOAD-10-0800;LOAD;Gehl;C10;409,09;0,385;C;Slow;0;21
MI-MC-10-0486;MI-MC;Manitou;C10;392,55;0,367;C;Slow;0;21
MI-MC-06-0544;MI-MC;Manitou;C06;62,11;0,396;C;Slow;0;7
LOAD-M-05-0827;LOAD-M;Mustang;C05;153,99;0,385;C;Slow;1;10
MI-MC-05-0470;MI-MC;Manitou;C05;225,2;0,34;C;Slow;1;30
MT-02-0193;MT;Manitou;C02;271,82;0,312;C;Slow;0;3
MT-09-0180;MT;Manitou;C09;175,43;0,442;C;Slow;0;3
MT-04-0015;MT;Manitou;C04;287,76;0,271;C;Slow;1;7
MT-04-0147;MT;Manitou;C04;299,38;0,25;C;Slow;0;5
AWP-09-0625;AWP;Manitou;C09;240,61;0,418;C;Slow;0;3
LOAD-06-0726;LOAD;Gehl;C06;103,09;0,409;C;Slow;0;5
TMM-10-0574;TMM;Manitou;C10;183,17;0,365;C;Slow;0;5
MRT-10-0414;MRT;Manitou;C10;340,22;0,369;C;Slow;0;30
MRT-08-0419;MRT;Manitou;C08;50,95;0,407;C;Slow;0;3
MLT-06-0228;MLT;Manitou;C06;72,18;0,322;C;Slow;1;5
MLT-01-0366;MLT;Manitou;C01;41,97;0,384;C;Slow;0;10
MI-MC-07-0558;MI-MC;Manitou;C07;132,49;0,268;C;Slow;0;14
MI-MC-07-0499;MI-MC;Manitou;C07;173,26;0,268;C;Slow;1;30
MI-MC-08-0543;MI-MC;Manitou;C08;49,67;0,394;C;Slow;0;7
LOAD-05-0708;LOAD;Gehl;C05;160,65;0,406;C;Slow;0;45
MI-MC-03-0552;MI-MC;Manitou;C03;295,09;0,307;C;Slow;0;7
MT-10-0182;MT;Manitou;C10;288,85;0,277;C;Slow;1;30
MT-03-0039;MT;Manitou;C03;394,65;0,287;C;Slow;1;10
MRT-05-0381;MRT;Manitou;C05;218,22;0,349;C;Slow;0;14
MRT-07-0407;MRT;Manitou;C07;272,24;0,246;C;Slow;0;14
LOAD-05-0724;LOAD;Gehl;C05;241,54;0,328;C;Slow;0;45
MLT-05-0272;MLT;Manitou;C05;221,53;0,355;C;Slow;1;21
MT-09-0150;MT;Manitou;C09;66,03;0,441;C;Slow;0;45
MRT-05-0382;MRT;Manitou;C05;259,06;0,38;C;Slow;0;7
MLT-05-0327;MLT;Manitou;C05;105,45;0,325;C;Slow;0;30
MT-01-0103;MT;Manitou;C01;71,82;0,373;C;Slow;0;14
MT-09-0038;MT;Manitou;C09;365,28;0,424;C;Slow;0;45
MI-MC-02-0515;MI-MC;Manitou;C02;317,84;0,372;C;Slow;0;10
AWP-09-0659;AWP;Manitou;C09;223,19;0,457;C;Slow;1;30
MT-06-0007;MT;Manitou;C06;89,96;0,395;C;Slow;0;45
MRT-03-0372;MRT;Manitou;C03;187,81;0,259;C;Slow;0;7
MRT-02-0437;MRT;Manitou;C02;127,11;0,312;C;Slow;1;3
AWP-06-0681;AWP;Manitou;C06;96,29;0,332;C;Slow;1;30
MI-MC-02-0542;MI-MC;Manitou;C02;325,25;0,337;C;Slow;0;3
MLT-01-0332;MLT;Manitou;C01;60,63;0,459;C;Slow;0;45
MI-MC-02-0541;MI-MC;Manitou;C02;362,42;0,356;C;Slow;0;5
MT-05-0048;MT;Manitou;C05;255,07;0,374;C;Slow;0;14
LOAD-07-0738;LOAD;Gehl;C07;186,77;0,172;C;Slow;1;10
MLT-08-0355;MLT;Manitou;C08;60,27;0,463;C;Slow;1;30
LOAD-05-0736;LOAD;Gehl;C05;108,94;0,42;C;Slow;0;7
MT-10-0149;MT;Manitou;C10;194,81;0,307;C;Slow;0;45
MT-05-0016;MT;Manitou;C05;115,66;0,337;C;Slow;1;7
TMM-05-0582;TMM;Manitou;C05;240,85;0,382;C;Slow;0;30
MRT-04-0451;MRT;Manitou;C04;326,37;0,305;C;Slow;0;3
MLT-06-0248;MLT;Manitou;C06;129,57;0,353;C;Slow;0;21
AWP-08-0649;AWP;Manitou;C08;47,21;0,428;C;Slow;0;3
MLT-02-0348;MLT;Manitou;C02;356,82;0,339;C;Slow;1;14
AWP-01-0666;AWP;Manitou;C01;54,12;0,479;C;Slow;0;5
AWP-05-0696;AWP;Manitou;C05;200,46;0,403;C;Slow;1;3
MT-02-0080;MT;Manitou;C02;132,24;0,299;C;Slow;0;45
MT-08-0121;MT;Manitou;C08;54,49;0,406;C;Slow;0;21
MI-MC-07-0512;MI-MC;Manitou;C07;567,99;0,234;C;Slow;0;5
MT-07-0131;MT;Manitou;C07;147,4;0,175;C;Slow;0;3
AWP-02-0682;AWP;Manitou;C02;128,06;0,288;C;Slow;1;45
MLT-09-0240;MLT;Manitou;C09;216,79;0,374;C;Slow;0;14
AWP-03-0679;AWP;Manitou;C03;274,51;0,265;C;Slow;1;45
MLT-06-0224;MLT;Manitou;C06;140,02;0,343;C;Slow;1;45
MLT-04-0303;MLT;Manitou;C04;218,05;0,287;C;Slow;0;14
LOAD-M-03-0873;LOAD-M;Mustang;C03;747,59;0,291;C;Slow;1;45
MLT-06-0220;MLT;Manitou;C06;132,22;0,365;C;Slow;0;10
MLT-03-0280;MLT;Manitou;C03;360,14;0,284;C;Slow;1;14
MLT-09-0232;MLT;Manitou;C09;291,07;0,418;C;Slow;0;5
MT-02-0084;MT;Manitou;C02;169,57;0,31;C;Slow;0;3
MI-MC-07-0554;MI-MC;Manitou;C07;217,53;0,228;C;Slow;0;30
MLT-07-0200;MLT;Manitou;C07;216,75;0,166;C;Slow;0;21
MRT-05-0454;MRT;Manitou;C05;49,08;0,379;C;Slow;0;45
MLT-01-0206;MLT;Manitou;C01;39,82;0,459;C;Slow;0;14
MT-09-0034;MT;Manitou;C09;105,84;0,358;C;Slow;0;3
MRT-10-0415;MRT;Manitou;C10;176,91;0,319;C;Slow;0;7
MLT-02-0261;MLT;Manitou;C02;239,91;0,344;C;Slow;1;14
LOAD-M-03-0863;LOAD-M;Mustang;C03;150,17;0,35;C;Slow;0;10
LOAD-09-0771;LOAD;Gehl;C09;68,87;0,371;C;Slow;0;10
TMM-09-0610;TMM;Manitou;C09;211,97;0,359;C;Slow;0;3
MT-03-0059;MT;Manitou;C03;383,69;0,245;C;Slow;1;7
MRT-02-0413;MRT;Manitou;C02;104,42;0,382;C;Slow;0;10
MI-MC-01-0493;MI-MC;Manitou;C01;78,4;0,447;C;Slow;0;3
MI-MC-09-0522;MI-MC;Manitou;C09;284,73;0,456;C;Slow;0;3
MT-05-0012;MT;Manitou;C05;219,99;0,426;C;Slow;0;10
LOAD-05-0730;LOAD;Gehl;C05;112,98;0,434;C;Slow;1;3
TMM-03-0616;TMM;Manitou;C03;332,76;0,261;C;Slow;1;10
MLT-10-0260;MLT;Manitou;C10;156,26;0,285;C;Slow;1;14
MT-09-0061;MT;Manitou;C09;108,58;0,403;C;Slow;0;10
MT-08-0123;MT;Manitou;C08;53,4;0,485;C;Slow;0;3
LOAD-M-07-0813;LOAD-M;Mustang;C07;231,45;0,249;C;Slow;0;45
MLT-09-0282;MLT;Manitou;C09;130,49;0,447;C;Slow;0;5
MT-04-0003;MT;Manitou;C04;681,11;0,32;C;Slow;1;10
MT-02-0036;MT;Manitou;C02;389,96;0,287;C;Slow;1;5
AWP-05-0690;AWP;Manitou;C05;172,5;0,378;C;Slow;0;10
AWP-08-0662;AWP;Manitou;C08;64,37;0,466;C;Slow;0;21
MT-07-0091;MT;Manitou;C07;134,92;0,187;C;Slow;0;21
MI-MC-07-0524;MI-MC;Manitou;C07;215,28;0,191;C;Slow;0;7
MLT-08-0215;MLT;Manitou;C08;49,11;0,407;C;Slow;0;30
TMM-08-0622;TMM;Manitou;C08;59,6;0,459;C;Slow;0;30
MT-02-0166;MT;Manitou;C02;216,46;0,327;C;Slow;0;7
MT-02-0031;MT;Manitou;C02;261,57;0,392;C;Slow;0;10
MLT-10-0256;MLT;Manitou;C10;522,28;0,38;C;Slow;0;21
AWP-02-0634;AWP;Manitou;C02;238,81;0,293;C;Slow;0;10
MT-04-0057;MT;Manitou;C04;192,25;0,356;C;Slow;1;5
MLT-02-0278;MLT;Manitou;C02;219,43;0,34;C;Slow;1;30
LOAD-10-0783;LOAD;Gehl;C10;329,53;0,293;C;Slow;1;21
LOAD-10-0721;LOAD;Gehl;C10;161,86;0,303;C;Slow;0;10
MLT-10-0264;MLT;Manitou;C10;352,49;0,368;C;Slow;0;30
LOAD-09-0706;LOAD;Gehl;C09;211,27;0,368;C;Slow;0;30
MLT-07-0343;MLT;Manitou;C07;209,71;0,205;C;Slow;0;30
MT-10-0049;MT;Manitou;C10;171,2;0,333;C;Slow;0;3
MRT-02-0435;MRT;Manitou;C02;206,9;0,36;C;Slow;0;21
MLT-06-0305;MLT;Manitou;C06;158,33;0,38;C;Slow;0;45
MLT-04-0346;MLT;Manitou;C04;469,87;0,338;C;Slow;0;5
MI-MC-08-0468;MI-MC;Manitou;C08;65,13;0,475;C;Slow;1;45
MI-MC-09-0474;MI-MC;Manitou;C09;335,39;0,389;C;Slow;0;30
TMM-09-0571;TMM;Manitou;C09;175,66;0,375;C;Slow;1;3
MI-MC-10-0553;MI-MC;Manitou;C10;271,03;0,36;C;Slow;1;45
LOAD-05-0779;LOAD;Gehl;C05;120,63;0,352;C;Slow;0;30
MI-MC-09-0475;MI-MC;Manitou;C09;323,51;0,442;C;Slow;1;14
MRT-09-0416;MRT;Manitou;C09;151,89;0,371;C;Slow;0;30
LOAD-M-08-0859;LOAD-M;Mustang;C08;64,61;0,491;C;Slow;0;45
MT-07-0144;MT;Manitou;C07;376,12;0,231;C;Slow;0;7
MI-MC-06-0471;MI-MC;Manitou;C06;209,18;0,322;C;Slow;1;5
MI-MC-10-0484;MI-MC;Manitou;C10;214,8;0,297;C;Slow;1;21
MLT-02-0287;MLT;Manitou;C02;99,41;0,394;C;Slow;1;3
MT-02-0086;MT;Manitou;C02;212,95;0,391;C;Slow;0;5
MT-08-0072;MT;Manitou;C08;49,37;0,439;C;Slow;0;5
MRT-06-0456;MRT;Manitou;C06;51,84;0,333;C;Slow;0;10
MLT-03-0368;MLT;Manitou;C03;131,23;0,272;C;Slow;1;3
MLT-04-0235;MLT;Manitou;C04;227,78;0,324;C;Slow;0;5
TMM-06-0585;TMM;Manitou;C06;114,72;0,31;C;Slow;0;3
MT-06-0008;MT;Manitou;C06;167,3;0,335;C;Slow;1;45
MLT-08-0342;MLT;Manitou;C08;57,69;0,437;C;Slow;1;3
MRT-04-0442;MRT;Manitou;C04;223,9;0,29;C;Slow;0;7
MLT-02-0252;MLT;Manitou;C02;198,25;0,291;C;Slow;0;14
AWP-01-0701;AWP;Manitou;C01;43,91;0,383;C;Slow;1;14
MLT-04-0302;MLT;Manitou;C04;427,25;0,33;C;Slow;1;14
MRT-05-0383;MRT;Manitou;C05;115,82;0,36;C;Slow;1;45
LOAD-M-05-0841;LOAD-M;Mustang;C05;202,18;0,375;C;Slow;0;3
MI-MC-01-0531;MI-MC;Manitou;C01;24,06;0,372;C;Slow;0;10
LOAD-M-05-0861;LOAD-M;Mustang;C05;111,87;0,349;C;Slow;0;7
LOAD-M-05-0834;LOAD-M;Mustang;C05;167,8;0,389;C;Slow;0;45
AWP-01-0637;AWP;Manitou;C01;45,19;0,435;C;Slow;1;45
MT-09-0053;MT;Manitou;C09;162,49;0,366;C;Slow;0;7
MI-MC-09-0498;MI-MC;Manitou;C09;188,45;0,382;C;Slow;0;30
LOAD-09-0768;LOAD;Gehl;C09;91,38;0,436;C;Slow;1;14
MI-MC-04-0540;MI-MC;Manitou;C04;247,23;0,307;C;Slow;0;7
MLT-06-0365;MLT;Manitou;C06;197,84;0,333;C;Slow;0;10
LOAD-M-06-0810;LOAD-M;Mustang;C06;108,35;0,322;C;Slow;1;3
MT-08-0011;MT;Manitou;C08;50,23;0,398;C;Slow;0;45
AWP-09-0678;AWP;Manitou;C09;76,68;0,346;C;Slow;1;30
MT-03-0151;MT;Manitou;C03;272,61;0,253;C;Slow;0;14
MLT-08-0279;MLT;Manitou;C08;54,17;0,498;C;Slow;0;5
LOAD-05-0794;LOAD;Gehl;C05;58,98;0,425;C;Slow;0;45
MLT-09-0223;MLT;Manitou;C09;166,72;0,401;C;Slow;1;14
MI-MC-04-0506;MI-MC;Manitou;C04;240,91;0,367;C;Slow;0;10
LOAD-M-09-0862;LOAD-M;Mustang;C09;132,86;0,342;C;Slow;1;30
LOAD-M-06-0868;LOAD-M;Mustang;C06;112,65;0,351;C;Slow;1;30
LOAD-M-02-0817;LOAD-M;Mustang;C02;272,55;0,367;C;Slow;1;30
MT-08-0021;MT;Manitou;C08;38,1;0,427;C;Slow;0;3
AWP-02-0664;AWP;Manitou;C02;318,32;0,391;C;Slow;0;21
TMM-09-0569;TMM;Manitou;C09;151,18;0,348;C;Slow;0;10
MLT-01-0328;MLT;Manitou;C01;80,15;0,419;C;Slow;0;5
MT-09-0106;MT;Manitou;C09;127,14;0,43;C;Slow;1;21
MT-10-0070;MT;Manitou;C10;150,96;0,36;C;Slow;0;14
MI-MC-09-0538;MI-MC;Manitou;C09;82,33;0,401;C;Slow;0;30
LOAD-M-06-0825;LOAD-M;Mustang;C06;81,01;0,338;C;Slow;0;10
LOAD-08-0804;LOAD;Gehl;C08;39,61;0,407;C;Slow;1;14
AWP-06-0624;AWP;Manitou;C06;158,01;0,348;C;Slow;1;7
AWP-03-0670;AWP;Manitou;C03;198,65;0,336;C;Slow;0;5
AWP-06-0675;AWP;Manitou;C06;152,79;0,351;C;Slow;0;10
LOAD-07-0739;LOAD;Gehl;C07;282,24;0,178;C;Slow;0;45
LOAD-M-07-0864;LOAD-M;Mustang;C07;240,78;0,247;C;Slow;0;45
LOAD-M-05-0839;LOAD-M;Mustang;C05;143,56;0,323;C;Slow;0;14
AWP-10-0655;AWP;Manitou;C10;261,01;0,389;C;Slow;0;45
MLT-05-0316;MLT;Manitou;C05;80,93;0,402;C;Slow;0;3
MLT-05-0266;MLT;Manitou;C05;61,66;0,323;C;Slow;1;3
MI-MC-06-0520;MI-MC;Manitou;C06;179,03;0,364;C;Slow;1;5
AWP-09-0658;AWP;Manitou;C09;165,84;0,447;C;Slow;0;5
MRT-01-0394;MRT;Manitou;C01;42,41;0,427;C;Slow;0;45
MLT-02-0225;MLT;Manitou;C02;128,22;0,352;C;Slow;1;3
LOAD-M-03-0865;LOAD-M;Mustang;C03;155,16;0,307;C;Slow;0;10
LOAD-M-06-0847;LOAD-M;Mustang;C06;190,96;0,345;C;Slow;1;3
LOAD-M-06-0823;LOAD-M;Mustang;C06;106,05;0,327;C;Slow;0;30
TMM-08-0580;TMM;Manitou;C08;12,89;0,428;C;Slow;0;45
MI-MC-06-0501;MI-MC;Manitou;C06;96,92;0,367;C;Slow;0;3
TMM-09-0615;TMM;Manitou;C09;80,82;0,453;C;Slow;1;30
LOAD-04-0795;LOAD;Gehl;C04;452,12;0,306;C;Slow;0;3
LOAD-M-01-0821;LOAD-M;Mustang;C01;46,79;0,409;C;Slow;0;10
MRT-08-0378;MRT;Manitou;C08;23,14;0,499;C;Slow;1;3
LOAD-02-0711;LOAD;Gehl;C02;105,66;0,291;C;Slow;0;14
MI-MC-04-0485;MI-MC;Manitou;C04;166,81;0,326;C;Slow;1;45
MT-02-0172;MT;Manitou;C02;131,26;0,359;C;Slow;1;14
MT-10-0140;MT;Manitou;C10;180,02;0,31;C;Slow;0;3
MT-06-0073;MT;Manitou;C06;36,31;0,39;C;Slow;0;3
MRT-01-0436;MRT;Manitou;C01;72,96;0,465;C;Slow;1;10
MRT-09-0403;MRT;Manitou;C09;111,96;0,422;C;Slow;0;21
MLT-01-0273;MLT;Manitou;C01;69,1;0,462;C;Slow;1;14
MRT-03-0455;MRT;Manitou;C03;342,67;0,266;C;Slow;0;14
MT-05-0079;MT;Manitou;C05;225,37;0,437;C;Slow;1;30
LOAD-M-06-0845;LOAD-M;Mustang;C06;111,73;0,375;C;Slow;1;7
MI-MC-07-0547;MI-MC;Manitou;C07;108,01;0,18;C;Slow;1;21
LOAD-05-0717;LOAD;Gehl;C05;103,85;0,415;C;Slow;1;3
MT-08-0174;MT;Manitou;C08;13,1;0,438;C;Slow;0;14
AWP-05-0694;AWP;Manitou;C05;163,82;0,408;C;Slow;1;14
LOAD-M-08-0872;LOAD-M;Mustang;C08;32,9;0,418;C;Slow;0;45
MRT-06-0405;MRT;Manitou;C06;82,01;0,332;C;Slow;1;5
AWP-09-0669;AWP;Manitou;C09;106,69;0,45;C;Slow;1;7
MT-06-0137;MT;Manitou;C06;103,01;0,324;C;Slow;1;21
LOAD-02-0761;LOAD;Gehl;C02;273,91;0,33;C;Slow;0;14
TMM-07-0596;TMM;Manitou;C07;305,76;0,197;C;Slow;0;3
TMM-02-0564;TMM;Manitou;C02;84,84;0,296;C;Slow;1;45
TMM-01-0577;TMM;Manitou;C01;29,47;0,395;C;Slow;0;7
MT-03-0050;MT;Manitou;C03;257,13;0,277;C;Slow;1;7
MT-06-0082;MT;Manitou;C06;82,5;0,368;C;Slow;0;30
MT-02-0062;MT;Manitou;C02;83,22;0,296;C;Slow;0;3
MI-MC-03-0466;MI-MC;Manitou;C03;248,1;0,35;C;Slow;0;10
MRT-09-0438;MRT;Manitou;C09;145,99;0,454;C;Slow;0;10
MLT-09-0313;MLT;Manitou;C09;81,38;0,424;C;Slow;0;7
MLT-09-0323;MLT;Manitou;C09;166,98;0,383;C;Slow;0;14
LOAD-M-05-0843;LOAD-M;Mustang;C05;115,66;0,382;C;Slow;1;7
LOAD-M-06-0830;LOAD-M;Mustang;C06;116,22;0,328;C;Slow;0;45
MI-MC-07-0483;MI-MC;Manitou;C07;389,93;0,193;C;Slow;0;14
MI-MC-08-0504;MI-MC;Manitou;C08;49,95;0,447;C;Slow;1;10
MLT-04-0324;MLT;Manitou;C04;228,08;0,34;C;Slow;1;21
MT-08-0130;MT;Manitou;C08;24,37;0,482;C;Slow;1;45
MT-09-0122;MT;Manitou;C09;118,94;0,382;C;Slow;1;30
LOAD-05-0807;LOAD;Gehl;C05;241,4;0,393;C;Slow;1;7
LOAD-09-0725;LOAD;Gehl;C09;140,37;0,362;C;Slow;0;7
MLT-10-0286;MLT;Manitou;C10;207,24;0,342;C;Slow;0;3
MLT-01-0211;MLT;Manitou;C01;39,61;0,45;C;Slow;0;14
MT-09-0192;MT;Manitou;C09;316,18;0,441;C;Slow;0;45
LOAD-M-07-0853;LOAD-M;Mustang;C07;146,05;0,225;C;Slow;0;45
LOAD-M-01-0867;LOAD-M;Mustang;C01;59,92;0,431;C;Slow;0;7
MI-MC-01-0550;MI-MC;Manitou;C01;42,49;0,401;C;Slow;0;7
MRT-05-0443;MRT;Manitou;C05;130,1;0,417;C;Slow;1;30
LOAD-M-08-0866;LOAD-M;Mustang;C08;17,17;0,477;C;Slow;0;7
MT-01-0063;MT;Manitou;C01;57,84;0,442;C;Slow;0;5
TMM-02-0588;TMM;Manitou;C02;165,44;0,369;C;Slow;0;14
LOAD-08-0757;LOAD;Gehl;C08;65,37;0,436;C;Slow;0;21
TMM-06-0599;TMM;Manitou;C06;100,96;0,308;C;Slow;1;3
MLT-08-0269;MLT;Manitou;C08;26,25;0,466;C;Slow;0;5
MI-MC-01-0511;MI-MC;Manitou;C01;27,12;0,421;C;Slow;0;10
MT-07-0081;MT;Manitou;C07;163,01;0,183;C;Slow;1;10
MLT-05-0359;MLT;Manitou;C05;279,11;0,361;C;Slow;1;30
TMM-07-0621;TMM;Manitou;C07;144,21;0,248;C;Slow;0;7
MI-MC-02-0555;MI-MC;Manitou;C02;90,57;0,39;C;Slow;0;7
MI-MC-02-0526;MI-MC;Manitou;C02;202,14;0,297;C;Slow;0;14
MT-09-0064;MT;Manitou;C09;85,14;0,428;C;Slow;0;10
MT-08-0029;MT;Manitou;C08;33,68;0,504;C;Slow;1;7
MT-01-0101;MT;Manitou;C01;40,29;0,416;C;Slow;0;3
MRT-07-0385;MRT;Manitou;C07;510,7;0,279;C;Slow;1;7
AWP-10-0633;AWP;Manitou;C10;169,69;0,306;C;Slow;0;7
MI-MC-08-0557;MI-MC;Manitou;C08;24,85;0,469;C;Slow;0;10
MT-08-0026;MT;Manitou;C08;56,48;0,477;C;Slow;0;3
MRT-04-0406;MRT;Manitou;C04;269,21;0,365;C;Slow;0;45
AWP-08-0695;AWP;Manitou;C08;31,33;0,481;C;Slow;1;30
MT-05-0109;MT;Manitou;C05;118,51;0,388;C;Slow;1;10
LOAD-08-0722;LOAD;Gehl;C08;52,81;0,428;C;Slow;1;3
MT-10-0095;MT;Manitou;C10;177,79;0,276;C;Slow;0;21
MT-09-0133;MT;Manitou;C09;350,36;0,418;C;Slow;0;5
TMM-08-0619;TMM;Manitou;C08;54,25;0,461;C;Slow;0;45
LOAD-05-0755;LOAD;Gehl;C05;238,92;0,403;C;Slow;0;7
TMM-06-0597;TMM;Manitou;C06;197,26;0,321;C;Slow;0;3
TMM-01-0566;TMM;Manitou;C01;61,35;0,454;C;Slow;0;14
MLT-05-0289;MLT;Manitou;C05;198,89;0,423;C;Slow;1;10
LOAD-M-01-0826;LOAD-M;Mustang;C01;70,92;0,367;C;Slow;0;45
MT-05-0190;MT;Manitou;C05;108,01;0,332;C;Slow;0;21
MI-MC-04-0559;MI-MC;Manitou;C04;501,87;0,365;C;Slow;0;3
MI-MC-01-0510;MI-MC;Manitou;C01;60,3;0,434;C;Slow;0;10
TMM-06-0591;TMM;Manitou;C06;67,11;0,389;C;Slow;1;3
MLT-06-0202;MLT;Manitou;C06;70,62;0,386;C;Slow;1;3
MI-MC-07-0556;MI-MC;Manitou;C07;131,2;0,205;C;Slow;0;5
TMM-01-0586;TMM;Manitou;C01;34,16;0,452;C;Slow;1;7
MLT-01-0347;MLT;Manitou;C01;78,77;0,441;C;Slow;0;45
LOAD-M-07-0833;LOAD-M;Mustang;C07;206,72;0,261;C;Slow;0;21
MLT-06-0246;MLT;Manitou;C06;86,72;0,377;C;Slow;1;14
MT-01-0179;MT;Manitou;C01;41,21;0,419;C;Slow;0;10
LOAD-M-08-0856;LOAD-M;Mustang;C08;63,9;0,469;C;Slow;0;14
MLT-06-0360;MLT;Manitou;C06;46,88;0,34;C;Slow;1;10
MT-07-0099;MT;Manitou;C07;138,12;0,245;C;Slow;0;21
TMM-05-0572;TMM;Manitou;C05;79,62;0,424;C;Slow;1;3
MRT-02-0441;MRT;Manitou;C02;311,0;0,306;C;Slow;0;3
MLT-10-0338;MLT;Manitou;C10;333,51;0,301;C;Slow;0;14
MT-07-0138;MT;Manitou;C07;177,0;0,254;C;Slow;0;21
MT-01-0142;MT;Manitou;C01;29,51;0,395;C;Slow;0;3
AWP-01-0636;AWP;Manitou;C01;83,64;0,445;C;Slow;1;21
MLT-01-0213;MLT;Manitou;C01;18,24;0,466;C;Slow;0;14
LOAD-M-06-0824;LOAD-M;Mustang;C06;138,67;0,376;C;Slow;0;30
LOAD-07-0772;LOAD;Gehl;C07;318,03;0,246;C;Slow;1;45
LOAD-M-10-0874;LOAD-M;Mustang;C10;171,79;0,354;C;Slow;0;5
MT-01-0056;MT;Manitou;C01;46,16;0,379;C;Slow;0;21
LOAD-06-0712;LOAD;Gehl;C06;128,9;0,418;C;Slow;1;21
MI-MC-08-0546;MI-MC;Manitou;C08;65,83;0,491;C;Slow;1;5
MLT-06-0277;MLT;Manitou;C06;43,33;0,381;C;Slow;1;10
MLT-07-0196;MLT;Manitou;C07;297,03;0,275;C;Slow;0;3
MT-01-0116;MT;Manitou;C01;71,32;0,409;C;Slow;1;3
MT-04-0134;MT;Manitou;C04;271,93;0,356;C;Slow;0;10
MT-01-0004;MT;Manitou;C01;52,97;0,376;C;Slow;0;7
MT-06-0001;MT;Manitou;C06;206,62;0,347;C;Slow;0;10
LOAD-06-0803;LOAD;Gehl;C06;95,31;0,319;C;Slow;0;5
MLT-08-0216;MLT;Manitou;C08;32,8;0,484;C;Slow;1;21
LOAD-09-0775;LOAD;Gehl;C09;212,99;0,441;C;Slow;0;7
MI-MC-01-0535;MI-MC;Manitou;C01;17,54;0,44;C;Slow;1;45
MT-08-0124;MT;Manitou;C08;28,81;0,463;C;Slow;0;7
MI-MC-01-0532;MI-MC;Manitou;C01;18,54;0,362;C;Slow;0;21
MT-08-0037;MT;Manitou;C08;29,43;0,507;C;Slow;0;45
LOAD-09-0754;LOAD;Gehl;C09;255,11;0,38;C;Slow;0;14
MI-MC-01-0500;MI-MC;Manitou;C01;14,64;0,46;C;Slow;1;5
MLT-08-0194;MLT;Manitou;C08;37,36;0,407;C;Slow;0;3
TMM-09-0613;TMM;Manitou;C09;145,8;0,402;C;Slow;0;10
LOAD-M-05-0815;LOAD-M;Mustang;C05;166,68;0,367;C;Slow;0;30
MT-06-0043;MT;Manitou;C06;39,51;0,366;C;Slow;1;14
MLT-05-0356;MLT;Manitou;C05;63,24;0,439;C;Slow;0;7
MT-05-0083;MT;Manitou;C05;129,17;0,327;C;Slow;0;10
MI-MC-08-0521;MI-MC;Manitou;C08;20,22;0,454;C;Slow;0;30
MLT-01-0301;MLT;Manitou;C01;60,03;0,428;C;Slow;1;7
LOAD-06-0763;LOAD;Gehl;C06;58,8;0,357;C;Slow;1;10
MLT-06-0239;MLT;Manitou;C06;118,11;0,358;C;Slow;0;10
AWP-06-0635;AWP;Manitou;C06;57,76;0,403;C;Slow;1;45
AWP-06-0654;AWP;Manitou;C06;65,56;0,409;C;Slow;1;7
MT-05-0153;MT;Manitou;C05;202,08;0,436;C;Slow;0;21
MT-05-0160;MT;Manitou;C05;124,59;0,371;C;Slow;1;21
AWP-08-0674;AWP;Manitou;C08;66,52;0,419;C;Slow;0;5
AWP-09-0629;AWP;Manitou;C09;67,84;0,447;C;Slow;0;30
MRT-06-0420;MRT;Manitou;C06;37,53;0,308;C;Slow;1;45
MLT-01-0357;MLT;Manitou;C01;78,05;0,468;C;Slow;0;5
MRT-07-0444;MRT;Manitou;C07;111,47;0,255;C;Slow;0;21
MRT-08-0391;MRT;Manitou;C08;41,66;0,456;C;Slow;0;7
MT-01-0097;MT;Manitou;C01;35,83;0,447;C;Slow;1;5
MT-02-0112;MT;Manitou;C02;73,62;0,386;C;Slow;1;14
LOAD-M-01-0820;LOAD-M;Mustang;C01;33,22;0,424;C;Slow;0;30
AWP-08-0702;AWP;Manitou;C08;39,79;0,509;C;Slow;0;21
MLT-09-0250;MLT;Manitou;C09;72,21;0,437;C;Slow;1;7
MLT-01-0285;MLT;Manitou;C01;27,77;0,42;C;Slow;0;7
MT-07-0089;MT;Manitou;C07;221,22;0,255;C;Slow;0;10
AWP-01-0630;AWP;Manitou;C01;19,3;0,385;C;Slow;0;10
MI-MC-09-0494;MI-MC;Manitou;C09;148,41;0,383;C;Slow;0;14
MLT-03-0274;MLT;Manitou;C03;406,81;0,285;C;Slow;1;10
MLT-08-0330;MLT;Manitou;C08;38,05;0,416;C;Slow;0;30
MT-05-0040;MT;Manitou;C05;236,14;0,428;C;Slow;0;7
TMM-09-0567;TMM;Manitou;C09;269,47;0,416;C;Slow;0;14
MLT-01-0293;MLT;Manitou;C01;69,49;0,389;C;Slow;1;14
MI-MC-08-0561;MI-MC;Manitou;C08;64,88;0,484;C;Slow;0;10
LOAD-M-08-0850;LOAD-M;Mustang;C08;15,62;0,447;C;Slow;0;3
MT-08-0175;MT;Manitou;C08;12,44;0,421;C;Slow;0;10
MRT-09-0418;MRT;Manitou;C09;146,27;0,364;C;Slow;0;45
MLT-01-0288;MLT;Manitou;C01;61,92;0,429;C;Slow;0;3
AWP-06-0661;AWP;Manitou;C06;72,82;0,315;C;Slow;0;21
MI-MC-08-0536;MI-MC;Manitou;C08;17,69;0,445;C;Slow;1;45
MI-MC-01-0464;MI-MC;Manitou;C01;75,27;0,467;C;Slow;0;7
MT-08-0068;MT;Manitou;C08;37,29;0,482;C;Slow;0;14
LOAD-08-0785;LOAD;Gehl;C08;37,06;0,481;C;Slow;0;5
MI-MC-02-0496;MI-MC;Manitou;C02;195,46;0,383;C;Slow;0;5
MLT-01-0307;MLT;Manitou;C01;42,33;0,433;C;Slow;1;3
MT-05-0111;MT;Manitou;C05;286,19;0,381;C;Slow;0;3
MT-05-0074;MT;Manitou;C05;108,77;0,328;C;Slow;1;30
MLT-08-0369;MLT;Manitou;C08;33,9;0,471;C;Slow;0;3
MLT-02-0253;MLT;Manitou;C02;115,93;0,329;C;Slow;0;7
MI-MC-01-0509;MI-MC;Manitou;C01;19,05;0,364;C;Slow;0;5
MI-MC-06-0479;MI-MC;Manitou;C06;191,7;0,385;C;Slow;1;10
MLT-05-0238;MLT;Manitou;C05;148,38;0,35;C;Slow;1;5
MRT-01-0432;MRT;Manitou;C01;26,04;0,402;C;Slow;0;5
LOAD-01-0718;LOAD;Gehl;C01;40,37;0,466;C;Slow;1;45
LOAD-01-0788;LOAD;Gehl;C01;26,21;0,369;C;Slow;0;30
MT-01-0148;MT;Manitou;C01;56,88;0,439;C;Slow;0;30
MRT-01-0371;MRT;Manitou;C01;15,8;0,398;C;Slow;0;21
MLT-08-0198;MLT;Manitou;C08;53,6;0,407;C;Slow;1;5
LOAD-05-0798;LOAD;Gehl;C05;275,27;0,322;C;Slow;1;10
MLT-03-0329;MLT;Manitou;C03;568,31;0,26;C;Slow;1;3
LOAD-08-0758;LOAD;Gehl;C08;47,39;0,49;C;Slow;0;5
MI-MC-01-0518;MI-MC;Manitou;C01;36,71;0,371;C;Slow;0;3
MT-06-0115;MT;Manitou;C06;61,45;0,324;C;Slow;0;10
AWP-08-0647;AWP;Manitou;C08;57,92;0,426;C;Slow;0;10
MI-MC-08-0549;MI-MC;Manitou;C08;22,51;0,51;C;Slow;0;21
AWP-01-0631;AWP;Manitou;C01;44,56;0,375;C;Slow;0;5
LOAD-M-06-0848;LOAD-M;Mustang;C06;43,41;0,333;C;Slow;0;7
AWP-01-0680;AWP;Manitou;C01;63,11;0,439;C;Slow;0;14
MLT-06-0358;MLT;Manitou;C06;178,54;0,395;C;Slow;1;5
MT-01-0152;MT;Manitou;C01;32,62;0,426;C;Slow;0;14
MI-MC-01-0469;MI-MC;Manitou;C01;69,56;0,402;C;Slow;0;7
MRT-06-0430;MRT;Manitou;C06;39,2;0,394;C;Slow;1;5
MRT-02-0457;MRT;Manitou;C02;149,88;0,355;C;Slow;1;21
MI-MC-02-0539;MI-MC;Manitou;C02;93,56;0,332;C;Slow;0;21
AWP-08-0657;AWP;Manitou;C08;38,13;0,454;C;Slow;0;5
MT-01-0067;MT;Manitou;C01;47,77;0,418;C;Slow;0;14
MT-05-0013;MT;Manitou;C05;79,04;0,35;C;Slow;1;45
MT-08-0087;MT;Manitou;C08;15,96;0,483;C;Slow;0;7
MLT-08-0322;MLT;Manitou;C08;66,76;0,48;C;Slow;0;10
AWP-01-0652;AWP;Manitou;C01;20,08;0,462;C;Slow;0;14
LOAD-08-0741;LOAD;Gehl;C08;13,35;0,482;C;Slow;1;14
MT-08-0139;MT;Manitou;C08;42,29;0,46;C;Slow;0;21
LOAD-01-0799;LOAD;Gehl;C01;77,73;0,38;C;Slow;0;21
AWP-08-0646;AWP;Manitou;C08;60,63;0,487;C;Slow;0;3
MI-MC-08-0508;MI-MC;Manitou;C08;53,6;0,402;C;Slow;1;30
MT-08-0019;MT;Manitou;C08;20,29;0,431;C;Slow;0;30
LOAD-08-0780;LOAD;Gehl;C08;11,91;0,493;C;Slow;1;14
LOAD-M-08-0837;LOAD-M;Mustang;C08;54,39;0,416;C;Slow;0;45
LOAD-M-01-0870;LOAD-M;Mustang;C01;30,74;0,362;C;Slow;0;3
TMM-06-0601;TMM;Manitou;C06;197,94;0,388;C;Slow;0;5
MRT-06-0408;MRT;Manitou;C06;78,95;0,402;C;Slow;0;21
AWP-06-0651;AWP;Manitou;C06;150,63;0,345;C;Slow;1;45
MLT-01-0270;MLT;Manitou;C01;42,73;0,426;C;Slow;0;7
LOAD-M-08-0854;LOAD-M;Mustang;C08;26,33;0,431;C;Slow;1;21
MI-MC-07-0462;MI-MC;Manitou;C07;132,43;0,235;C;Slow;0;30
MT-08-0117;MT;Manitou;C08;41,89;0,398;C;Slow;0;5
MT-08-0178;MT;Manitou;C08;12,3;0,493;C;Slow;0;21
MLT-08-0218;MLT;Manitou;C08;27,07;0,39;C;Slow;0;3
LOAD-01-0745;LOAD;Gehl;C01;35,01;0,415;C;Slow;0;5
MLT-08-0364;MLT;Manitou;C08;31,19;0,483;C;Slow;1;45
MLT-06-0275;MLT;Manitou;C06;72,78;0,351;C;Slow;1;14
TMM-08-0575;TMM;Manitou;C08;42,84;0,407;C;Slow;1;45
MT-05-0045;MT;Manitou;C05;113,26;0,429;C;Slow;0;14
MI-MC-08-0527;MI-MC;Manitou;C08;21,16;0,402;C;Slow;0;45
MT-01-0066;MT;Manitou;C01;57,19;0,437;C;Slow;0;7
MT-01-0032;MT;Manitou;C01;31,63;0,395;C;Slow;0;30
MRT-08-0446;MRT;Manitou;C08;13,31;0,453;C;Slow;0;5
MLT-08-0233;MLT;Manitou;C08;29,34;0,421;C;Slow;1;10
TMM-08-0618;TMM;Manitou;C08;15,96;0,413;C;Slow;1;45
LOAD-06-0760;LOAD;Gehl;C06;63,48;0,362;C;Slow;0;10
AWP-01-0645;AWP;Manitou;C01;20,11;0,453;C;Slow;1;30
TMM-01-0612;TMM;Manitou;C01;20,47;0,361;C;Slow;0;10
MI-MC-02-0495;MI-MC;Manitou;C02;87,93;0,301;C;Slow;0;45
MT-01-0002;MT;Manitou;C01;20,02;0,41;C;Slow;1;5
TMM-01-0570;TMM;Manitou;C01;15,68;0,37;C;Slow;0;5
LOAD-08-0767;LOAD;Gehl;C08;27,41;0,459;C;Slow;0;14
LOAD-M-08-0860;LOAD-M;Mustang;C08;21,0;0,483;C;Slow;0;30
MRT-08-0386;MRT;Manitou;C08;49,44;0,401;C;Slow;0;3
MT-08-0078;MT;Manitou;C08;13,94;0,501;C;Slow;0;14
MT-08-0058;MT;Manitou;C08;26,82;0,469;C;Slow;1;5
LOAD-08-0778;LOAD;Gehl;C08;30,05;0,402;C;Slow;1;21
MLT-01-0320;MLT;Manitou;C01;18,22;0,394;C;Slow;0;5
AWP-01-0638;AWP;Manitou;C01;56,07;0,4;C;Slow;0;7
MT-08-0069;MT;Manitou;C08;15,48;0,451;C;Slow;0;5
